Time,QUIC-BBR Cwnd,QUIC-BBR RTT,QUIC-BBR Throughput,QUIC-BBR Packet Loss,TCP-CUBIC Cwnd,TCP-CUBIC RTT,TCP-CUBIC Throughput,TCP-CUBIC Packet Loss
1.0,0.0,0.0,0.0,,,,0.0,0.0
3.1072900000000003,54.0,129.51,5.6077900000000005,65.9913,37.0,41.0,0.396,90.4624
3.3,54.0,129.51,5.6077900000000005,65.9913,41.0,96.0,0.48,80.5508
3.4956199999999997,54.0,129.51,5.6077900000000005,65.9913,45.0,105.0,0.46799999999999997,78.2235
3.6872599999999998,54.0,129.51,5.6077900000000005,65.9913,48.0,115.0,0.48,74.946
3.8789,54.0,129.51,5.6077900000000005,65.9913,52.0,125.0,0.48,73.2127
4.07054,31.0,70.2128,4.68315,56.5139,56.0,134.0,0.46799999999999997,72.043
4.2623,31.0,70.2128,4.68315,56.5139,60.0,143.0,0.46799999999999997,71.1207
4.42406,31.0,70.2128,4.68315,56.5139,56.0,150.0,0.396,70.5435
4.56237,31.0,70.2128,4.68315,56.5139,43.0,150.0,0.0,70.5914
4.79715,31.0,70.2128,4.68315,56.5139,46.0,132.0,0.25292800000000004,72.7104
4.98879,31.0,70.2128,4.68315,56.5139,49.0,119.0,0.48,72.0453
5.18044,41.0,98.5728,4.68375,50.8787,51.0,125.0,0.46799999999999997,71.5267
5.37208,41.0,98.5728,4.68375,50.8787,53.0,130.0,0.48,71.0074
5.56372,41.0,98.5728,4.68375,50.8787,55.0,135.0,0.48,70.6455
5.75536,41.0,98.5728,4.68375,50.8787,56.0,140.0,0.46799999999999997,70.3346
5.94712,41.0,98.5728,4.68375,50.8787,58.0,144.0,0.48,69.9944
6.1386400000000005,49.0,117.102,4.68321,47.2071,59.0,146.0,0.48,69.7619
6.31818,49.0,117.102,4.68321,47.2071,56.0,151.0,0.444,69.5934
6.416519999999999,49.0,117.102,4.68321,47.2071,43.0,151.0,0.0,69.5934
6.66413,49.0,117.102,4.68321,47.2071,44.0,145.0,0.30393600000000004,70.6741
6.85577,49.0,117.102,4.68321,47.2071,46.0,115.0,0.48,70.4136
7.04741,57.0,138.04,4.68353,44.6374,47.0,115.0,0.46799999999999997,70.2092
7.23905,57.0,138.04,4.68353,44.6374,48.0,121.0,0.48,70.01
7.430689999999999,57.0,138.04,4.68353,44.6374,49.0,121.0,0.48,69.8074
7.6223399999999994,57.0,138.04,4.68353,44.6374,50.0,126.0,0.46799999999999997,69.6549
7.81398,57.0,138.04,4.68353,44.6374,50.0,126.0,0.48,69.5028
8.00562,35.0,78.7808,4.6831,42.8527,51.0,126.0,0.48,69.3434
8.2,35.0,78.7808,4.6831,42.8527,51.0,131.0,0.46799999999999997,69.2308
8.39395,35.0,78.7808,4.6831,42.8527,51.0,131.0,0.48,69.1672
8.58559,35.0,78.7808,4.6831,42.8527,51.0,131.0,0.46799999999999997,69.0622
8.77723,35.0,78.7808,4.6831,42.8527,51.0,131.0,0.48,68.9267
8.968869999999999,35.0,78.7808,4.6831,42.8527,51.0,131.0,0.48,68.8367
9.16051,44.0,104.71700000000001,4.68311,41.4793,51.0,131.0,0.48,68.7526
9.35215,44.0,104.71700000000001,4.68311,41.4793,51.0,131.0,0.46799999999999997,68.6527
9.5438,44.0,104.71700000000001,4.68311,41.4793,51.0,131.0,0.48,68.5662
9.735439999999999,44.0,104.71700000000001,4.68311,41.4793,51.0,131.0,0.48,68.4776
9.92708,44.0,104.71700000000001,4.68311,41.4793,51.0,131.0,0.46799999999999997,68.4133
10.1187,52.0,126.742,4.68297,40.3944,51.0,131.0,0.48,68.3445
10.3104,52.0,126.742,4.68297,40.3944,51.0,131.0,0.48,68.2652
10.502,52.0,126.742,4.68297,40.3944,51.0,131.0,0.46799999999999997,68.2152
10.6987,52.0,126.742,4.68297,40.3944,52.0,131.0,0.48,68.1838
10.8903,52.0,126.742,4.68297,40.3944,52.0,131.0,0.46799999999999997,68.1344
11.082,59.0,140.58700000000002,4.68314,39.4239,53.0,131.0,0.48,68.0598
11.2736,59.0,140.58700000000002,4.68314,39.4239,54.0,136.0,0.48,68.0157
11.4653,59.0,140.58700000000002,4.68314,39.4239,55.0,136.0,0.46799999999999997,67.9737
11.6569,59.0,140.58700000000002,4.68314,39.4239,56.0,140.0,0.48,67.9079
11.8485,59.0,140.58700000000002,4.68314,39.4239,57.0,141.0,0.48,67.8702
12.0452,34.0,76.4704,4.68297,38.9812,59.0,146.0,0.46799999999999997,67.8373
12.2376,34.0,76.4704,4.68297,38.9812,59.0,151.0,0.46799999999999997,67.7849
12.3357,34.0,76.4704,4.68297,38.9812,46.0,151.0,0.12,67.7966
12.5732,34.0,76.4704,4.68297,38.9812,45.0,142.0,0.277312,68.2819
12.7643,34.0,76.4704,4.68297,38.9812,48.0,116.0,0.48,68.2338
12.956,34.0,76.4704,4.68297,38.9812,50.0,123.0,0.48,68.1771
13.1476,44.0,103.565,4.68326,38.3848,52.0,129.0,0.46799999999999997,68.1387
13.3393,44.0,103.565,4.68326,38.3848,54.0,134.0,0.48,68.0962
13.5309,44.0,103.565,4.68326,38.3848,55.0,136.0,0.48,68.0453
13.7226,44.0,103.565,4.68326,38.3848,57.0,141.0,0.46799999999999997,68.0141
13.9143,44.0,103.565,4.68326,38.3848,58.0,146.0,0.46799999999999997,67.9815
14.1061,51.0,122.094,4.68315,37.8557,59.0,146.0,0.48,67.9301
14.3,51.0,122.094,4.68315,37.8557,60.0,150.0,0.48,67.9001
14.4946,51.0,122.094,4.68315,37.8557,60.0,151.0,0.48,67.8818
14.6179,51.0,122.094,4.68315,37.8557,49.0,151.0,0.18,67.872
14.8225,51.0,122.094,4.68315,37.8557,44.0,125.0,0.28944000000000003,68.2592
15.0141,58.0,138.018,4.68349,37.3862,45.0,112.0,0.48,68.2182
15.2057,58.0,138.018,4.68349,37.3862,47.0,115.0,0.48,68.1722
15.4,58.0,138.018,4.68349,37.3862,48.0,120.0,0.46799999999999997,68.1431
15.5941,58.0,138.018,4.68349,37.3862,49.0,121.0,0.48,68.1244
15.7908,58.0,138.018,4.68349,37.3862,49.0,125.0,0.46799999999999997,68.0946
15.9824,58.0,138.018,4.68349,37.3862,50.0,126.0,0.46799999999999997,68.0551
16.174,38.0,89.944,4.68318,37.0921,51.0,126.0,0.48,68.0207
16.3657,38.0,89.944,4.68318,37.0921,51.0,130.0,0.48,67.9835
16.5573,38.0,89.944,4.68318,37.0921,51.0,131.0,0.46799999999999997,67.9575
16.749000000000002,38.0,89.944,4.68318,37.0921,51.0,131.0,0.48,67.9261
16.9406,38.0,89.944,4.68318,37.0921,51.0,131.0,0.48,67.8918
17.1322,47.0,113.309,4.68372,36.7778,51.0,131.0,0.46799999999999997,67.8682
17.3239,47.0,113.309,4.68372,36.7778,51.0,131.0,0.48,67.8413
17.5155,47.0,113.309,4.68372,36.7778,51.0,131.0,0.48,67.8077
17.7072,47.0,113.309,4.68372,36.7778,51.0,131.0,0.46799999999999997,67.7881
17.9,47.0,113.309,4.68372,36.7778,51.0,131.0,0.48,67.7615
18.0955,54.0,128.035,4.68306,36.4223,51.0,131.0,0.46799999999999997,67.7541
18.2871,54.0,128.035,4.68306,36.4223,51.0,131.0,0.48,67.7193
18.4788,54.0,128.035,4.68306,36.4223,51.0,131.0,0.48,67.7
18.6704,54.0,128.035,4.68306,36.4223,51.0,131.0,0.46799999999999997,67.6812
18.8621,54.0,128.035,4.68306,36.4223,51.0,131.0,0.48,67.6487
19.0537,30.0,146.506,4.35259,36.1594,52.0,131.0,0.48,67.631
19.2504,30.0,146.506,4.35259,36.1594,53.0,131.0,0.46799999999999997,67.6154
19.442,30.0,146.506,4.35259,36.1594,53.0,135.0,0.46799999999999997,67.5884
19.6337,30.0,146.506,4.35259,36.1594,54.0,136.0,0.48,67.5685
19.8253,30.0,146.506,4.35259,36.1594,55.0,138.0,0.48,67.5427
20.017,40.0,96.176,5.00178,35.9511,57.0,141.0,0.46799999999999997,67.5289
20.2087,40.0,96.176,5.00178,35.9511,58.0,145.0,0.48,67.5089
20.4006,40.0,96.176,5.00178,35.9511,60.0,148.0,0.48,67.4846
20.5393,40.0,96.176,5.00178,35.9511,52.0,151.0,0.336,67.4876
20.7,40.0,96.176,5.00178,35.9511,44.0,134.0,1.0456,67.7701
20.9303,40.0,96.176,5.00178,35.9511,47.0,118.0,0.48,67.7377
21.1219,49.0,118.302,4.68331,35.7294,49.0,120.0,0.46799999999999997,67.7211
21.3136,49.0,118.302,4.68331,35.7294,51.0,125.0,0.48,67.7016
21.5052,49.0,118.302,4.68331,35.7294,53.0,131.0,0.48,67.6766
21.7,49.0,118.302,4.68331,35.7294,55.0,135.0,0.46799999999999997,67.6626
21.8935,49.0,118.302,4.68331,35.7294,56.0,140.0,0.48,67.6527
22.0853,56.0,132.846,4.6832400000000005,35.5198,57.0,143.0,0.46799999999999997,67.6377
22.2768,56.0,132.846,4.6832400000000005,35.5198,58.0,146.0,0.48,67.6113
22.4686,56.0,132.846,4.6832400000000005,35.5198,59.0,149.0,0.48,67.5971
22.6602,56.0,132.846,4.6832400000000005,35.5198,60.0,151.0,0.46799999999999997,67.5831
22.8244,56.0,132.846,4.6832400000000005,35.5198,54.0,151.0,0.396,67.5716
22.9578,56.0,132.846,4.6832400000000005,35.5198,42.0,149.0,0.0,67.5716
23.1851,34.0,76.3152,4.68334,35.5714,45.0,125.0,0.28944000000000003,67.8023
23.3767,34.0,76.3152,4.68334,35.5714,46.0,115.0,0.48,67.7743
23.5684,34.0,76.3152,4.68334,35.5714,47.0,117.0,0.48,67.7605
23.76,34.0,76.3152,4.68334,35.5714,48.0,120.0,0.46799999999999997,67.7457
23.9516,34.0,76.3152,4.68334,35.5714,49.0,123.0,0.48,67.7204
24.1433,44.0,103.557,4.683330000000001,35.4148,50.0,126.0,0.48,67.7062
24.3349,44.0,103.557,4.683330000000001,35.4148,50.0,126.0,0.46799999999999997,67.6923
24.5266,44.0,103.557,4.683330000000001,35.4148,51.0,126.0,0.48,67.6682
24.7182,44.0,103.557,4.683330000000001,35.4148,51.0,131.0,0.48,67.6549
24.9098,44.0,103.557,4.683330000000001,35.4148,51.0,131.0,0.46799999999999997,67.6431
25.1015,52.0,122.13799999999999,4.68299,35.2286,51.0,131.0,0.48,67.6188
25.2982,52.0,122.13799999999999,4.68299,35.2286,51.0,131.0,0.46799999999999997,67.6145
25.4898,52.0,122.13799999999999,4.68299,35.2286,51.0,131.0,0.48,67.5995
25.6815,52.0,122.13799999999999,4.68299,35.2286,51.0,131.0,0.48,67.5799
25.8731,52.0,122.13799999999999,4.68299,35.2286,51.0,131.0,0.46799999999999997,67.5693
26.0647,58.0,139.338,4.683680000000001,35.0687,51.0,131.0,0.46799999999999997,67.5576
26.2614,58.0,139.338,4.683680000000001,35.0687,51.0,131.0,0.48,67.5364
26.4531,58.0,139.338,4.683680000000001,35.0687,51.0,131.0,0.48,67.5252
26.6447,58.0,139.338,4.683680000000001,35.0687,51.0,131.0,0.46799999999999997,67.5142
26.8363,58.0,139.338,4.683680000000001,35.0687,51.0,131.0,0.48,67.4939
27.028000000000002,37.0,86.1456,4.6830300000000005,34.9026,51.0,131.0,0.48,67.4834
27.2196,37.0,86.1456,4.6830300000000005,34.9026,52.0,131.0,0.46799999999999997,67.4742
27.4113,37.0,86.1456,4.6830300000000005,34.9026,52.0,131.0,0.48,67.4535
27.6029,37.0,86.1456,4.6830300000000005,34.9026,53.0,131.0,0.48,67.4447
27.7996,37.0,86.1456,4.6830300000000005,34.9026,54.0,136.0,0.48,67.438
27.9912,37.0,86.1456,4.6830300000000005,34.9026,55.0,136.0,0.48,67.4216
28.1829,46.0,110.902,4.6837,34.7914,56.0,140.0,0.46799999999999997,67.4132
28.3746,46.0,110.902,4.6837,34.7914,58.0,141.0,0.48,67.4004
28.5662,46.0,110.902,4.6837,34.7914,59.0,146.0,0.48,67.3846
28.7432,46.0,110.902,4.6837,34.7914,57.0,151.0,0.46799999999999997,67.3767
28.8415,46.0,110.902,4.6837,34.7914,43.0,151.0,0.084,67.3784
29.0911,53.0,128.03,4.68358,34.688,46.0,145.0,0.2896,67.5612
29.2828,53.0,128.03,4.68358,34.688,48.0,118.0,0.46799999999999997,67.551
29.4744,53.0,128.03,4.68358,34.688,51.0,124.0,0.48,67.5388
29.6661,53.0,128.03,4.68358,34.688,52.0,130.0,0.48,67.5226
29.8577,53.0,128.03,4.68358,34.688,54.0,134.0,0.46799999999999997,67.5139
30.0494,29.0,140.429,4.68313,34.5905,56.0,137.0,0.48,67.5012
30.241,29.0,140.429,4.68313,34.5905,57.0,141.0,0.48,67.4867
30.4328,29.0,140.429,4.68313,34.5905,58.0,145.0,0.46799999999999997,67.4775
30.6245,29.0,140.429,4.68313,34.5905,59.0,146.0,0.46799999999999997,67.4684
30.8211,29.0,140.429,4.68313,34.5905,60.0,151.0,0.48,67.4513
31.0133,40.0,96.176,4.68318,34.52,60.0,151.0,0.48,67.4426
31.1262,40.0,96.176,4.68318,34.52,47.0,151.0,0.14400000000000002,67.4467
31.3463,40.0,96.176,4.68318,34.52,44.0,134.0,0.30144,67.6085
31.5376,40.0,96.176,4.68318,34.52,45.0,113.0,0.46799999999999997,67.5998
31.7292,40.0,96.176,4.68318,34.52,47.0,115.0,0.48,67.5872
31.9209,40.0,96.176,4.68318,34.52,48.0,120.0,0.48,67.5729
32.1125,49.0,117.133,4.68321,34.4051,49.0,121.0,0.46799999999999997,67.5636
32.3042,49.0,117.133,4.68321,34.4051,50.0,126.0,0.48,67.5515
32.5008,49.0,117.133,4.68321,34.4051,50.0,126.0,0.48,67.5378
32.6975,49.0,117.133,4.68321,34.4051,51.0,126.0,0.46799999999999997,67.5348
32.8892,49.0,117.133,4.68321,34.4051,51.0,130.0,0.48,67.5231
33.0808,56.0,134.238,4.68286,34.281,51.0,131.0,0.48,67.5098
33.2725,56.0,134.238,4.68286,34.281,51.0,131.0,0.46799999999999997,67.5013
33.4641,56.0,134.238,4.68286,34.281,51.0,131.0,0.48,67.491
33.6557,56.0,134.238,4.68286,34.281,51.0,131.0,0.48,67.4772
33.8474,56.0,134.238,4.68286,34.281,51.0,131.0,0.46799999999999997,67.47
34.039,31.0,71.352,4.68296,34.3402,51.0,131.0,0.48,67.4592
34.2307,31.0,71.352,4.68296,34.3402,51.0,131.0,0.48,67.4468
34.4223,31.0,71.352,4.68296,34.3402,51.0,131.0,0.46799999999999997,67.439
34.6139,31.0,71.352,4.68296,34.3402,52.0,131.0,0.48,67.4286
34.8056,31.0,71.352,4.68296,34.3402,52.0,131.0,0.48,67.4166
35.0,42.0,96.1248,4.68344,34.2697,52.0,131.0,0.46799999999999997,67.4091
35.1939,42.0,96.1248,4.68344,34.2697,52.0,131.0,0.48,67.4041
35.3856,42.0,96.1248,4.68344,34.2697,52.0,131.0,0.46799999999999997,67.3977
35.5772,42.0,96.1248,4.68344,34.2697,52.0,131.0,0.48,67.3826
35.7688,42.0,96.1248,4.68344,34.2697,53.0,131.0,0.48,67.3764
35.9655,42.0,96.1248,4.68344,34.2697,54.0,135.0,0.46799999999999997,67.3694
36.1572,50.0,119.469,4.68302,34.1896,54.0,136.0,0.46799999999999997,67.3574
36.3488,50.0,119.469,4.68302,34.1896,56.0,139.0,0.48,67.3489
36.5404,50.0,119.469,4.68302,34.1896,57.0,141.0,0.48,67.3371
36.7322,50.0,119.469,4.68302,34.1896,59.0,146.0,0.46799999999999997,67.3314
36.9241,50.0,119.469,4.68302,34.1896,60.0,150.0,0.48,67.3223
37.0477,57.0,138.181,4.6833800000000005,34.084,50.0,151.0,0.3,67.3219
37.2571,57.0,138.181,4.6833800000000005,34.084,45.0,127.0,1.0456,67.4701
37.4487,57.0,138.181,4.6833800000000005,34.084,47.0,116.0,0.48,67.4568
37.6454,57.0,138.181,4.6833800000000005,34.084,50.0,120.0,0.48,67.4448
37.836999999999996,57.0,138.181,4.6833800000000005,34.084,52.0,126.0,0.46799999999999997,67.4386
38.0287,33.0,78.7488,4.67137,34.0671,54.0,131.0,0.48,67.4292
38.2203,33.0,78.7488,4.67137,34.0671,55.0,136.0,0.48,67.4184
38.412,33.0,78.7488,4.67137,34.0671,56.0,140.0,0.46799999999999997,67.4116
38.6037,33.0,78.7488,4.67137,34.0671,58.0,144.0,0.48,67.4026
38.8,33.0,78.7488,4.67137,34.0671,59.0,146.0,0.48,67.392
38.9923,33.0,78.7488,4.67137,34.0671,59.0,150.0,0.48,67.3876
39.1843,43.0,101.162,4.6833,34.0065,60.0,151.0,0.48,67.3812
39.3325,43.0,101.162,4.6833,34.0065,52.0,151.0,0.37200000000000005,67.3784
39.4812,43.0,101.162,4.6833,34.0065,42.0,141.0,0.0,67.3784
39.7035,43.0,101.162,4.6833,34.0065,45.0,118.0,0.48,67.4998
39.9,43.0,101.162,4.6833,34.0065,46.0,115.0,0.48,67.4891
40.0918,51.0,120.605,4.68314,33.9262,47.0,119.0,0.48,67.4845
40.2835,51.0,120.605,4.68314,33.9262,48.0,121.0,0.48,67.4777
40.4751,51.0,120.605,4.68314,33.9262,49.0,125.0,0.46799999999999997,67.471
40.6668,51.0,120.605,4.68314,33.9262,50.0,126.0,0.48,67.4583
40.8584,51.0,120.605,4.68314,33.9262,50.0,126.0,0.48,67.4518
41.0501,58.0,139.178,4.68332,33.8592,51.0,129.0,0.46799999999999997,67.4461
41.2417,58.0,139.178,4.68332,33.8592,51.0,131.0,0.48,67.433
41.4333,58.0,139.178,4.68332,33.8592,51.0,131.0,0.48,67.4275
41.625,58.0,139.178,4.68332,33.8592,51.0,131.0,0.46799999999999997,67.4212
41.8166,58.0,139.178,4.68332,33.8592,51.0,131.0,0.48,67.4092
42.0083,36.0,85.072,4.68294,33.8276,51.0,131.0,0.48,67.4031
42.2,36.0,85.072,4.68294,33.8276,51.0,131.0,0.46799999999999997,67.3971
42.3966,36.0,85.072,4.68294,33.8276,51.0,131.0,0.48,67.3894
42.5882,36.0,85.072,4.68294,33.8276,51.0,131.0,0.46799999999999997,67.3835
42.7799,36.0,85.072,4.68294,33.8276,51.0,131.0,0.46799999999999997,67.3777
42.9766,36.0,85.072,4.68294,33.8276,51.0,131.0,0.48,67.3662
43.1682,45.0,105.906,4.68366,33.7739,51.0,131.0,0.48,67.3605
43.3598,45.0,105.906,4.68366,33.7739,51.0,131.0,0.46799999999999997,67.3556
43.5515,45.0,105.906,4.68366,33.7739,51.0,131.0,0.48,67.3437
43.7431,45.0,105.906,4.68366,33.7739,52.0,131.0,0.48,67.3382
43.9348,45.0,105.906,4.68366,33.7739,52.0,131.0,0.46799999999999997,67.3335
44.1264,53.0,125.602,4.68317,33.7186,53.0,133.0,0.48,67.3219
44.318000000000005,53.0,125.602,4.68317,33.7186,54.0,136.0,0.48,67.3172
44.5097,53.0,125.602,4.68317,33.7186,55.0,136.0,0.46799999999999997,67.312
44.7013,53.0,125.602,4.68317,33.7186,56.0,141.0,0.48,67.3013
44.8981,53.0,125.602,4.68317,33.7186,58.0,144.0,0.46799999999999997,67.2998
45.0897,29.0,140.56,4.45223,33.686,60.0,146.0,0.48,67.2926
45.2515,29.0,140.56,4.45223,33.686,55.0,151.0,0.48,67.2842
45.3873,29.0,140.56,4.45223,33.686,42.0,150.0,0.048,67.2874
45.6096,29.0,140.56,4.45223,33.686,46.0,128.0,0.46799999999999997,67.4001
45.8012,29.0,140.56,4.45223,33.686,49.0,119.0,0.48,67.3893
45.9979,29.0,140.56,4.45223,33.686,51.0,125.0,0.46799999999999997,67.3876
46.1896,39.0,91.13600000000001,4.913880000000001,33.746,53.0,130.0,0.48,67.3802
46.3812,39.0,91.13600000000001,4.913880000000001,33.746,54.0,135.0,0.48,67.3716
46.5728,39.0,91.13600000000001,4.913880000000001,33.746,56.0,139.0,0.46799999999999997,67.3663
46.7645,39.0,91.13600000000001,4.913880000000001,33.746,57.0,141.0,0.48,67.3591
46.9561,39.0,91.13600000000001,4.913880000000001,33.746,58.0,146.0,0.48,67.3508
47.148,48.0,113.291,4.68306,33.672,59.0,146.0,0.46799999999999997,67.3457
47.3398,48.0,113.291,4.68306,33.672,60.0,151.0,0.46799999999999997,67.3412
47.5368,48.0,113.291,4.68306,33.672,58.0,151.0,0.48,67.3305
47.6346,48.0,113.291,4.68306,33.672,45.0,151.0,0.10800000000000001,67.3352
47.8698,48.0,113.291,4.68306,33.672,44.0,141.0,0.30144,67.4399
48.0611,55.0,131.846,4.68337,33.6172,46.0,114.0,0.48,67.4314
48.2527,55.0,131.846,4.68337,33.6172,47.0,115.0,0.46799999999999997,67.426
48.4444,55.0,131.846,4.68337,33.6172,48.0,120.0,0.48,67.4188
48.636,55.0,131.846,4.68337,33.6172,49.0,121.0,0.48,67.4105
48.8276,55.0,131.846,4.68337,33.6172,50.0,125.0,0.46799999999999997,67.4053
49.0193,31.0,72.8432,4.6831,33.5969,50.0,126.0,0.48,67.3989
49.216,31.0,72.8432,4.6831,33.5969,51.0,126.0,0.48,67.3902
49.4076,31.0,72.8432,4.6831,33.5969,51.0,130.0,0.48,67.3857
49.6,31.0,72.8432,4.6831,33.5969,51.0,131.0,0.46799999999999997,67.3808
49.7959,31.0,72.8432,4.6831,33.5969,51.0,131.0,0.48,67.3737
49.9876,31.0,72.8432,4.6831,33.5969,51.0,131.0,0.46799999999999997,67.3694
50.1792,42.0,97.3616,4.67146,33.5427,51.0,131.0,0.48,67.3627
50.3709,42.0,97.3616,4.67146,33.5427,51.0,131.0,0.48,67.3543
50.5625,42.0,97.3616,4.67146,33.5427,51.0,131.0,0.46799999999999997,67.3502
50.7542,42.0,97.3616,4.67146,33.5427,51.0,131.0,0.48,67.3436
50.9458,42.0,97.3616,4.67146,33.5427,51.0,131.0,0.48,67.336
51.1374,50.0,120.92299999999999,4.6835,33.5038,51.0,131.0,0.46799999999999997,67.3314
51.3291,50.0,120.92299999999999,4.6835,33.5038,51.0,131.0,0.48,67.325
51.5207,50.0,120.92299999999999,4.6835,33.5038,51.0,131.0,0.48,67.3176
51.7124,50.0,120.92299999999999,4.6835,33.5038,51.0,131.0,0.46799999999999997,67.3131
51.903999999999996,50.0,120.92299999999999,4.6835,33.5038,52.0,131.0,0.48,67.3075
52.1,57.0,140.237,4.68306,33.4536,52.0,131.0,0.48,67.2996
52.2923,57.0,140.237,4.68306,33.4536,53.0,131.0,0.48,67.2965
52.483999999999995,57.0,140.237,4.68306,33.4536,54.0,135.0,0.48,67.2928
52.6807,57.0,140.237,4.68306,33.4536,55.0,136.0,0.46799999999999997,67.2885
52.8723,57.0,140.237,4.68306,33.4536,56.0,140.0,0.46799999999999997,67.2814
53.0639,32.0,77.5712,4.683269999999999,33.4403,57.0,141.0,0.48,67.2754
53.2556,32.0,77.5712,4.683269999999999,33.4403,59.0,146.0,0.48,67.2684
53.4476,32.0,77.5712,4.683269999999999,33.4403,61.0,151.0,0.46799999999999997,67.2643
53.556000000000004,32.0,77.5712,4.683269999999999,33.4403,48.0,151.0,0.276,67.2641
53.781000000000006,32.0,77.5712,4.683269999999999,33.4403,45.0,136.0,1.0456,67.3645
53.9722,32.0,77.5712,4.683269999999999,33.4403,48.0,116.0,0.48,67.3541
54.1638,43.0,99.9824,4.68299,33.3946,50.0,120.0,0.48,67.3497
54.3605,43.0,99.9824,4.68299,33.3946,52.0,128.0,0.48,67.342
54.5522,43.0,99.9824,4.68299,33.3946,54.0,132.0,0.46799999999999997,67.3382
54.7438,43.0,99.9824,4.68299,33.3946,55.0,136.0,0.48,67.3322
54.9355,43.0,99.9824,4.68299,33.3946,57.0,141.0,0.48,67.3252
55.1272,51.0,123.37299999999999,4.6831,33.3375,58.0,145.0,0.46799999999999997,67.321
55.318999999999996,51.0,123.37299999999999,4.6831,33.3375,59.0,146.0,0.48,67.3152
55.5107,51.0,123.37299999999999,4.6831,33.3375,59.0,150.0,0.48,67.3083
55.7025,51.0,123.37299999999999,4.6831,33.3375,60.0,151.0,0.46799999999999997,67.3042
55.8409,51.0,123.37299999999999,4.6831,33.3375,50.0,151.0,0.336,67.3055
56.0354,58.0,139.459,4.68294,33.2935,44.0,129.0,1.04544,67.3981
56.227,58.0,139.459,4.68294,33.2935,45.0,113.0,0.46799999999999997,67.3899
56.4186,58.0,139.459,4.68294,33.2935,46.0,115.0,0.48,67.3839
56.6103,58.0,139.459,4.68294,33.2935,48.0,120.0,0.48,67.3769
56.8019,58.0,139.459,4.68294,33.2935,49.0,121.0,0.46799999999999997,67.3726
56.9986,58.0,139.459,4.68294,33.2935,49.0,125.0,0.48,67.3697
57.1903,36.0,83.7488,4.68312,33.3635,50.0,126.0,0.46799999999999997,67.366
57.3819,36.0,83.7488,4.68312,33.3635,50.0,126.0,0.48,67.357
57.5735,36.0,83.7488,4.68312,33.3635,51.0,130.0,0.48,67.3534
57.7652,36.0,83.7488,4.68312,33.3635,51.0,131.0,0.46799999999999997,67.3493
57.9568,36.0,83.7488,4.68312,33.3635,51.0,131.0,0.48,67.3405
58.1485,45.0,105.90899999999999,4.6833,33.3166,51.0,131.0,0.48,67.337
58.3401,45.0,105.90899999999999,4.6833,33.3166,51.0,131.0,0.46799999999999997,67.3329
58.5317,45.0,105.90899999999999,4.6833,33.3166,51.0,131.0,0.48,67.3248
58.7234,45.0,105.90899999999999,4.6833,33.3166,51.0,131.0,0.48,67.3209
58.915,45.0,105.90899999999999,4.6833,33.3166,51.0,131.0,0.46799999999999997,67.317
59.1067,53.0,125.616,4.68341,33.2839,51.0,131.0,0.48,67.309
59.3,53.0,125.616,4.68341,33.2839,51.0,131.0,0.48,67.3051
59.495,53.0,125.616,4.68341,33.2839,51.0,131.0,0.46799999999999997,67.3045
59.6917,53.0,125.616,4.68341,33.2839,51.0,131.0,0.48,67.2962
59.8833,53.0,125.616,4.68341,33.2839,51.0,131.0,0.48,67.2924
60.075,60.0,146.592,4.6832400000000005,33.245,51.0,131.0,0.46799999999999997,67.2891
60.2666,60.0,146.592,4.6832400000000005,33.245,52.0,131.0,0.48,67.2809
60.4582,60.0,146.592,4.6832400000000005,33.245,53.0,131.0,0.48,67.2777
60.6499,60.0,146.592,4.6832400000000005,33.245,53.0,135.0,0.46799999999999997,67.2741
60.8415,60.0,146.592,4.6832400000000005,33.245,54.0,136.0,0.48,67.2665
61.0332,39.0,91.2112,4.68319,33.2456,55.0,136.0,0.48,67.2629
61.2248,39.0,91.2112,4.68319,33.2456,57.0,141.0,0.46799999999999997,67.2594
61.4166,39.0,91.2112,4.68319,33.2456,58.0,145.0,0.48,67.2519
61.6082,39.0,91.2112,4.68319,33.2456,60.0,146.0,0.48,67.2484
61.7597,39.0,91.2112,4.68319,33.2456,53.0,151.0,0.46799999999999997,67.2474
61.9058,39.0,91.2112,4.68319,33.2456,44.0,144.0,0.9359999999999999,67.3312
62.1331,47.0,110.89399999999999,4.683269999999999,33.2087,47.0,122.0,0.48,67.3274
62.3247,47.0,110.89399999999999,4.683269999999999,33.2087,49.0,120.0,0.46799999999999997,67.3237
62.5164,47.0,110.89399999999999,4.683269999999999,33.2087,51.0,125.0,0.48,67.3162
62.708,47.0,110.89399999999999,4.683269999999999,33.2087,53.0,130.0,0.48,67.3125
62.9,47.0,110.89399999999999,4.683269999999999,33.2087,55.0,135.0,0.46799999999999997,67.3089
63.0963,55.0,131.442,4.68347,33.1839,56.0,140.0,0.48,67.304
63.288000000000004,55.0,131.442,4.68347,33.1839,57.0,141.0,0.46799999999999997,67.3004
63.4796,55.0,131.442,4.68347,33.1839,58.0,146.0,0.48,67.2959
63.6716,55.0,131.442,4.68347,33.1839,59.0,146.0,0.48,67.2895
63.863,55.0,131.442,4.68347,33.1839,60.0,151.0,0.48,67.286
64.0426,30.0,68.9712,4.68318,33.2261,56.0,151.0,0.46799999999999997,67.283
64.1404,30.0,68.9712,4.68318,33.2261,43.0,151.0,0.084,67.2838
64.3879,30.0,68.9712,4.68318,33.2261,44.0,144.0,0.28944000000000003,67.3605
64.5795,30.0,68.9712,4.68318,33.2261,46.0,115.0,0.48,67.3554
64.7712,30.0,68.9712,4.68318,33.2261,47.0,115.0,0.48,67.3495
64.9628,30.0,68.9712,4.68318,33.2261,48.0,120.0,0.46799999999999997,67.3458
65.1545,41.0,97.3824,4.68317,33.1971,49.0,121.0,0.48,67.3413
65.3461,41.0,97.3824,4.68317,33.1971,50.0,126.0,0.48,67.335
65.5377,41.0,97.3824,4.68317,33.1971,50.0,126.0,0.46799999999999997,67.3314
65.7294,41.0,97.3824,4.68317,33.1971,51.0,126.0,0.48,67.3269
65.9261,41.0,97.3824,4.68317,33.1971,51.0,131.0,0.48,67.3207
66.1177,49.0,117.104,4.6828,33.1601,51.0,131.0,0.48,67.3177
66.3093,49.0,117.104,4.6828,33.1601,51.0,131.0,0.46799999999999997,67.3142
66.501,49.0,117.104,4.6828,33.1601,51.0,131.0,0.48,67.3072
66.6977,49.0,117.104,4.6828,33.1601,51.0,131.0,0.46799999999999997,67.3062
66.8893,49.0,117.104,4.6828,33.1601,51.0,131.0,0.48,67.3014
67.081,56.0,136.762,4.68302,33.1215,51.0,131.0,0.48,67.2959
67.2726,56.0,136.762,4.68302,33.1215,51.0,131.0,0.46799999999999997,67.2925
67.4642,56.0,136.762,4.68302,33.1215,51.0,131.0,0.48,67.2879
67.6559,56.0,136.762,4.68302,33.1215,51.0,131.0,0.48,67.2824
67.8475,56.0,136.762,4.68302,33.1215,51.0,131.0,0.46799999999999997,67.2791
68.0392,35.0,81.44,4.6832199999999995,33.1798,51.0,131.0,0.48,67.275
68.2308,35.0,81.44,4.6832199999999995,33.1798,51.0,131.0,0.48,67.2692
68.4224,35.0,81.44,4.6832199999999995,33.1798,52.0,131.0,0.46799999999999997,67.2664
68.6141,35.0,81.44,4.6832199999999995,33.1798,52.0,131.0,0.48,67.2619
68.8057,35.0,81.44,4.6832199999999995,33.1798,53.0,131.0,0.48,67.2566
69.0,44.0,104.712,4.6832400000000005,33.1532,54.0,136.0,0.46799999999999997,67.2535
69.1941,44.0,104.712,4.6832400000000005,33.1532,55.0,136.0,0.48,67.2513
69.3907,44.0,104.712,4.6832400000000005,33.1532,56.0,140.0,0.46799999999999997,67.2482
69.5824,44.0,104.712,4.6832400000000005,33.1532,57.0,141.0,0.46799999999999997,67.243
69.774,44.0,104.712,4.6832400000000005,33.1532,59.0,146.0,0.48,67.2386
69.9638,44.0,104.712,4.6832400000000005,33.1532,59.0,151.0,0.48,67.2335
70.0621,52.0,124.501,4.67162,33.116,46.0,151.0,0.24,67.2347
70.2995,52.0,124.501,4.67162,33.116,45.0,141.0,1.0456,67.3106
70.4906,52.0,124.501,4.67162,33.116,48.0,116.0,0.48,67.305
70.6823,52.0,124.501,4.67162,33.116,50.0,123.0,0.48,67.2984
70.8739,52.0,124.501,4.67162,33.116,52.0,129.0,0.48,67.2952
71.0706,59.0,141.822,4.68346,33.09,54.0,134.0,0.48,67.29
71.2623,59.0,141.822,4.68346,33.09,56.0,136.0,0.46799999999999997,67.2869
71.4539,59.0,141.822,4.68346,33.09,57.0,141.0,0.48,67.2825
71.6457,59.0,141.822,4.68346,33.09,58.0,145.0,0.48,67.2773
71.8374,59.0,141.822,4.68346,33.09,59.0,146.0,0.46799999999999997,67.2743
72.0292,38.0,87.68799999999999,4.68259,33.1437,60.0,151.0,0.48,67.2704
72.2209,38.0,87.68799999999999,4.68259,33.1437,60.0,151.0,0.48,67.2649
72.3468,38.0,87.68799999999999,4.68259,33.1437,49.0,151.0,0.3,67.2672
72.5538,38.0,87.68799999999999,4.68259,33.1437,44.0,125.0,1.04544,67.3381
72.7454,38.0,87.68799999999999,4.68259,33.1437,45.0,112.0,0.48,67.3306
72.9371,38.0,87.68799999999999,4.68259,33.1437,47.0,115.0,0.46799999999999997,67.3274
73.1287,47.0,110.92,4.68314,33.1096,48.0,120.0,0.48,67.32300000000001
73.3204,47.0,110.92,4.68314,33.1096,49.0,121.0,0.48,67.3179
73.512,47.0,110.92,4.68314,33.1096,49.0,125.0,0.46799999999999997,67.3148
73.7037,47.0,110.92,4.68314,33.1096,50.0,126.0,0.48,67.3109
73.9,47.0,110.92,4.68314,33.1096,51.0,126.0,0.48,67.3054
74.092,54.0,130.645,4.68314,33.0837,51.0,130.0,0.48,67.3033
74.2836,54.0,130.645,4.68314,33.0837,51.0,131.0,0.48,67.3006
74.4753,54.0,130.645,4.68314,33.0837,51.0,131.0,0.46799999999999997,67.2976
74.6669,54.0,130.645,4.68314,33.0837,51.0,131.0,0.48,67.2914
74.8586,54.0,130.645,4.68314,33.0837,51.0,131.0,0.48,67.2885
75.0502,30.0,145.434,4.1525300000000005,33.0981,51.0,131.0,0.46799999999999997,67.2855
75.2418,30.0,145.434,4.1525300000000005,33.0981,51.0,131.0,0.48,67.2794
75.4335,30.0,145.434,4.1525300000000005,33.0981,51.0,131.0,0.48,67.2765
75.6251,30.0,145.434,4.1525300000000005,33.0981,51.0,131.0,0.46799999999999997,67.274
75.8168,30.0,145.434,4.1525300000000005,33.0981,51.0,131.0,0.48,67.2676
76.0084,40.0,96.096,5.21335,33.107,51.0,131.0,0.48,67.2651
76.2051,40.0,96.096,5.21335,33.107,51.0,131.0,0.48,67.2599
76.4,40.0,96.096,5.21335,33.107,51.0,131.0,0.46799999999999997,67.2575
76.5934,40.0,96.096,5.21335,33.107,51.0,131.0,0.48,67.2555
76.7851,40.0,96.096,5.21335,33.107,52.0,131.0,0.46799999999999997,67.2527
76.9767,40.0,96.096,5.21335,33.107,53.0,131.0,0.48,67.2468
77.1683,49.0,115.882,4.6832199999999995,33.0798,53.0,135.0,0.48,67.2441
77.36,49.0,115.882,4.6832199999999995,33.0798,54.0,136.0,0.46799999999999997,67.2413
77.5516,49.0,115.882,4.6832199999999995,33.0798,55.0,138.0,0.48,67.2355
77.7433,49.0,115.882,4.6832199999999995,33.0798,57.0,141.0,0.48,67.2328
77.935,49.0,115.882,4.6832199999999995,33.0798,58.0,145.0,0.46799999999999997,67.2305
78.1269,56.0,133.011,4.68302,33.0494,60.0,148.0,0.46799999999999997,67.2256
78.2656,56.0,133.011,4.68302,33.0494,52.0,151.0,0.46799999999999997,67.2248
78.4221,56.0,133.011,4.68302,33.0494,44.0,135.0,0.972,67.2915
78.6515,56.0,133.011,4.68302,33.0494,47.0,118.0,0.48,67.2864
78.8432,56.0,133.011,4.68302,33.0494,49.0,120.0,0.48,67.2836
79.0348,32.0,75.2144,4.68319,33.0454,51.0,125.0,0.46799999999999997,67.2808
79.2265,32.0,75.2144,4.68319,33.0454,53.0,131.0,0.48,67.275
79.4181,32.0,75.2144,4.68319,33.0454,55.0,136.0,0.48,67.2723
79.6097,32.0,75.2144,4.68319,33.0454,56.0,140.0,0.46799999999999997,67.2699
79.8015,32.0,75.2144,4.68319,33.0454,57.0,141.0,0.48,67.2638
79.9981,32.0,75.2144,4.68319,33.0454,58.0,146.0,0.46799999999999997,67.2631
80.1898,42.0,101.163,4.682980000000001,33.0252,59.0,148.0,0.46799999999999997,67.2607
80.3815,42.0,101.163,4.682980000000001,33.0252,60.0,151.0,0.48,67.2547
80.548,42.0,101.163,4.682980000000001,33.0252,55.0,151.0,0.46799999999999997,67.2524
80.679,42.0,101.163,4.682980000000001,33.0252,42.0,150.0,0.048,67.2542
80.9013,42.0,101.163,4.682980000000001,33.0252,45.0,130.0,0.48,67.3117
81.098,50.0,119.734,4.67134,32.9899,46.0,115.0,0.46799999999999997,67.3108
81.2896,50.0,119.734,4.67134,32.9899,47.0,117.0,0.48,67.3073
81.4813,50.0,119.734,4.67134,32.9899,48.0,120.0,0.48,67.3024
81.6729,50.0,119.734,4.67134,32.9899,49.0,123.0,0.46799999999999997,67.2996
81.8645,50.0,119.734,4.67134,32.9899,50.0,126.0,0.48,67.2962
82.0562,57.0,135.515,4.67172,32.9725,50.0,126.0,0.48,67.2913
82.2478,57.0,135.515,4.67172,32.9725,51.0,126.0,0.46799999999999997,67.289
82.4395,57.0,135.515,4.67172,32.9725,51.0,131.0,0.48,67.2852
82.6361,57.0,135.515,4.67172,32.9725,51.0,131.0,0.48,67.2807
82.8278,57.0,135.515,4.67172,32.9725,51.0,131.0,0.48,67.2781
83.0194,35.0,85.2048,4.6715800000000005,32.9461,51.0,131.0,0.46799999999999997,67.2754
83.2111,35.0,85.2048,4.6715800000000005,32.9461,51.0,131.0,0.48,67.27
83.4027,35.0,85.2048,4.6715800000000005,32.9461,51.0,131.0,0.48,67.2674
83.5994,35.0,85.2048,4.6715800000000005,32.9461,51.0,131.0,0.48,67.2655
83.791,35.0,85.2048,4.6715800000000005,32.9461,51.0,131.0,0.48,67.2612
83.9827,35.0,85.2048,4.6715800000000005,32.9461,51.0,131.0,0.46799999999999997,67.2586
84.1743,45.0,105.021,4.671869999999999,32.9222,51.0,131.0,0.48,67.2554
84.366,45.0,105.021,4.671869999999999,32.9222,51.0,131.0,0.48,67.2507
84.5576,45.0,105.021,4.671869999999999,32.9222,51.0,131.0,0.46799999999999997,67.2486
84.7492,45.0,105.021,4.671869999999999,32.9222,51.0,131.0,0.48,67.245
84.9409,45.0,105.021,4.671869999999999,32.9222,52.0,131.0,0.48,67.2404
85.1325,53.0,126.094,4.66045,32.9116,52.0,131.0,0.46799999999999997,67.2383
85.3242,53.0,126.094,4.66045,32.9116,53.0,131.0,0.48,67.2348
85.5158,53.0,126.094,4.66045,32.9116,54.0,136.0,0.48,67.2306
85.7075,53.0,126.094,4.66045,32.9116,55.0,136.0,0.46799999999999997,67.2282
85.9,53.0,126.094,4.66045,32.9116,56.0,141.0,0.48,67.2247
86.1,59.0,143.334,4.67186,32.8929,58.0,141.0,0.48,67.2206
86.2925,59.0,143.334,4.67186,32.8929,59.0,146.0,0.46799999999999997,67.2199
86.4695,59.0,143.334,4.67186,32.8929,57.0,151.0,0.48,67.2168
86.5678,59.0,143.334,4.67186,32.8929,43.0,151.0,0.204,67.2169
86.8078,59.0,143.334,4.67186,32.8929,46.0,147.0,0.456,67.2742
87.0,37.0,89.0528,4.67085,32.8792,48.0,117.0,0.48,67.2706
87.1957,37.0,89.0528,4.67085,32.8792,50.0,121.0,0.46799999999999997,67.2702
87.3873,37.0,89.0528,4.67085,32.8792,52.0,126.0,0.48,67.2647
87.579,37.0,89.0528,4.67085,32.8792,53.0,130.0,0.48,67.2622
87.7757,37.0,89.0528,4.67085,32.8792,55.0,135.0,0.48,67.2581
87.9673,37.0,89.0528,4.67085,32.8792,56.0,141.0,0.46799999999999997,67.2557
88.1591,46.0,109.95700000000001,4.67155,32.8581,58.0,142.0,0.48,67.2526
88.3506,46.0,109.95700000000001,4.67155,32.8581,59.0,146.0,0.48,67.2482
88.5426,46.0,109.95700000000001,4.67155,32.8581,58.0,151.0,0.46799999999999997,67.2461
88.6407,46.0,109.95700000000001,4.67155,32.8581,45.0,151.0,0.14400000000000002,67.2475
88.8765,46.0,109.95700000000001,4.67155,32.8581,44.0,142.0,0.292192,67.3016
89.0678,54.0,128.394,4.6718,32.8417,46.0,114.0,0.46799999999999997,67.2994
89.2594,54.0,128.394,4.6718,32.8417,47.0,115.0,0.48,67.2959
89.45100000000001,54.0,128.394,4.6718,32.8417,48.0,121.0,0.48,67.2918
89.6427,54.0,128.394,4.6718,32.8417,49.0,121.0,0.46799999999999997,67.2894
89.8343,54.0,128.394,4.6718,32.8417,50.0,126.0,0.48,67.2859
90.02600000000001,30.0,143.014,4.10646,32.8631,50.0,126.0,0.48,67.2818
90.2176,30.0,143.014,4.10646,32.8631,51.0,126.0,0.46799999999999997,67.2794
90.4093,30.0,143.014,4.10646,32.8631,51.0,131.0,0.46799999999999997,67.2773
90.6059,30.0,143.014,4.10646,32.8631,51.0,131.0,0.48,67.27199999999999
90.8,30.0,143.014,4.10646,32.8631,51.0,131.0,0.48,67.2699
90.9943,30.0,143.014,4.10646,32.8631,51.0,131.0,0.48,67.2682
91.1859,40.0,96.3312,5.225280000000001,32.8732,51.0,131.0,0.48,67.2639
91.3775,40.0,96.3312,5.225280000000001,32.8732,51.0,131.0,0.46799999999999997,67.2619
91.5692,40.0,96.3312,5.225280000000001,32.8732,51.0,131.0,0.48,67.2586
91.7608,40.0,96.3312,5.225280000000001,32.8732,51.0,131.0,0.48,67.2546
91.9525,40.0,96.3312,5.225280000000001,32.8732,51.0,131.0,0.46799999999999997,67.2523
92.1441,49.0,116.395,4.67178,32.8491,51.0,131.0,0.48,67.249
92.3358,49.0,116.395,4.67178,32.8491,51.0,131.0,0.48,67.2451
92.5274,49.0,116.395,4.67178,32.8491,51.0,131.0,0.46799999999999997,67.2429
92.719,49.0,116.395,4.67178,32.8491,51.0,131.0,0.48,67.2399
92.9107,49.0,116.395,4.67178,32.8491,52.0,131.0,0.48,67.2358
93.1023,56.0,138.589,4.67154,32.8284,52.0,131.0,0.46799999999999997,67.2335
93.29899999999999,56.0,138.589,4.67154,32.8284,53.0,131.0,0.48,67.2323
93.4906,56.0,138.589,4.67154,32.8284,54.0,135.0,0.46799999999999997,67.23
93.6823,56.0,138.589,4.67154,32.8284,55.0,136.0,0.48,67.225
93.8739,56.0,138.589,4.67154,32.8284,56.0,140.0,0.48,67.2231
94.0706,31.0,74.0272,4.67197,32.8747,57.0,141.0,0.48,67.219
94.2623,31.0,74.0272,4.67197,32.8747,59.0,146.0,0.46799999999999997,67.2172
94.4543,31.0,74.0272,4.67197,32.8747,61.0,151.0,0.48,67.214
94.5627,31.0,74.0272,4.67197,32.8747,47.0,151.0,0.28800000000000003,67.2149
94.7902,31.0,74.0272,4.67197,32.8747,45.0,138.0,1.04531,67.2697
94.9814,31.0,74.0272,4.67197,32.8747,48.0,116.0,0.48,67.2641
95.17299999999999,41.0,97.6192,4.65941,32.8542,50.0,121.0,0.46799999999999997,67.2619
95.3647,41.0,97.6192,4.65941,32.8542,52.0,128.0,0.48,67.2587
95.5613,41.0,97.6192,4.65941,32.8542,54.0,132.0,0.48,67.2549
95.75299999999999,41.0,97.6192,4.65941,32.8542,55.0,136.0,0.48,67.2527
95.9446,41.0,97.6192,4.65941,32.8542,57.0,141.0,0.46799999999999997,67.2508
96.1364,49.0,119.86200000000001,4.672,32.8442,58.0,145.0,0.48,67.2458
96.3282,49.0,119.86200000000001,4.672,32.8442,59.0,146.0,0.48,67.2439
96.5199,49.0,119.86200000000001,4.672,32.8442,59.0,150.0,0.46799999999999997,67.2418
96.7117,49.0,119.86200000000001,4.672,32.8442,60.0,151.0,0.46799999999999997,67.2381
96.8476,49.0,119.86200000000001,4.672,32.8442,50.0,151.0,0.36,67.2385
97.0445,57.0,137.09799999999998,4.6719800000000005,32.8145,44.0,127.0,1.04544,67.291
97.2362,57.0,137.09799999999998,4.6719800000000005,32.8145,45.0,113.0,0.48,67.2856
97.4278,57.0,137.09799999999998,4.6719800000000005,32.8145,47.0,115.0,0.48,67.2834
97.6195,57.0,137.09799999999998,4.6719800000000005,32.8145,48.0,120.0,0.46799999999999997,67.2814
97.8111,57.0,137.09799999999998,4.6719800000000005,32.8145,49.0,121.0,0.48,67.2765
98.0027,34.0,76.5904,4.67173,32.8628,49.0,125.0,0.48,67.2746
98.1994,34.0,76.5904,4.67173,32.8628,50.0,126.0,0.48,67.273
98.3911,34.0,76.5904,4.67173,32.8628,51.0,126.0,0.48,67.26899999999999
98.5827,34.0,76.5904,4.67173,32.8628,51.0,130.0,0.46799999999999997,67.2671
98.7744,34.0,76.5904,4.67173,32.8628,51.0,131.0,0.48,67.264
98.96600000000001,34.0,76.5904,4.67173,32.8628,51.0,131.0,0.48,67.2604
99.1576,43.0,103.87799999999999,4.67176,32.8466,51.0,131.0,0.46799999999999997,67.2582
99.3493,43.0,103.87799999999999,4.67176,32.8466,51.0,131.0,0.48,67.2552
99.5409,43.0,103.87799999999999,4.67176,32.8466,51.0,131.0,0.48,67.2516
99.7326,43.0,103.87799999999999,4.67176,32.8466,51.0,131.0,0.46799999999999997,67.2494
99.9242,43.0,103.87799999999999,4.67176,32.8466,51.0,131.0,0.48,67.2467
